feature,importance
CRP,0.24031299443241377
Vitamin D,0.1463039947466896
ECF_TBW_Ratio,0.08174579046958587
AST,0.07270964713033996
VFA,0.0709137144189036
ECW,0.06997009712358417
TFC,0.06828902420898057
HGB,0.0673667682114535
Creatinine,0.06677946827696282
BM,0.057934683255526476
HDL,0.05767381772555963
