feature,coefficient
VFA,0.20609498527094738
CRP,0.1956985484866637
BM,-0.1874747144564714
TFC,-0.13510188707057483
ECF_TBW_Ratio,-0.11002541679508791
Vitamin D,-0.10910869446728552
ECW,0.09160312957501636
AST,-0.07200355807270087
HGB,-0.059830587810858364
HDL,0.026534630679915037
Creatinine,0.009630658299425759
