group,总用户数,点击数,点击率
con,10012,812,0.08110267678785457
exp,9988,973,0.09741690028033641
