group,n,clicks,ctr,ctr_pct,se,ci_lower,ci_upper,ci_95
con,10012,812,0.08110267678785457,8.11%,0.002728290852420148,0.07575522671711109,0.08645012685859806,"[7.58%, 8.65%]"
exp,9988,973,0.09741690028033641,9.74%,0.002967026909286003,0.09160152753813584,0.10323227302253697,"[9.16%, 10.32%]"
