platform,count,likes_mean,likes_median,dislikes_mean,dislikes_median,like_ratio_mean
poki,1664,188748.99759615384,41900.0,36109.49819711538,9050.0,0.8107849397590362
newgrounds,9742,59.689899404639704,37.0,30.710634366659825,28.0,0.5956739991788134
