state,state_name,count,mean,std,min,max
0,Idle(待机),42,2.0283566904761905,1.6806607882270226,0.140999,9.888
1,Homing(回零),35,0.07439942857142857,0.03241482776563266,0.041999,0.144
2,Pickup(取料),28,0.12724957142857143,0.3256968996547226,0.041,1.7850000000000001
3,Inspection(检测),42,0.426690119047619,0.0518202236899665,0.325,0.519
4,Sorting_Metal(金属分拣),42,5.043047166666666,0.7634290058609252,4.124,5.815999
5,Sorting_NonMetal(非金属分拣),42,1.0514995238095237,0.052101273335517936,0.940999,1.130999
6,Return(返回),42,5.798809095238095,0.04197573263603854,5.717,5.906
7,Error(错误),42,2.488428,0.7610880023520885,1.734999,3.427
8,Unknown(未知),42,1.0511661904761904,0.05411283964910419,0.979999,1.13
