n_con,n_exp,x_con,x_exp,p_con,p_exp,p_pooled,z_stat,p_value,significant,diff,se_diff,ci_lower,ci_upper,cohens_h,effect_size,power,mde
10012,9988,812,973,0.08110267678785457,0.09741690028033641,0.08925,4.046200455543839,2.6027830641983662e-05,True,0.016314223492481836,0.004030734381701021,0.008413984104347835,0.024214462880615836,0.057275738302064005,0.057275738302064005,0.9919170800953709,0.009856522210424422
