metric,normal_value,anomaly_value,unit
总周期数,41,2,个
平均周期时间,19.348585024390243,20.224999500000003,秒
单位时间分拣件数,3.101001955665792,2.9666255368757857,件/分钟
理论最大效率,32.84072249589491,-,件/分钟
实际平均效率,3.0944825214721554,-,件/分钟
效率比率,9.4%,-,
故障导致效率下降,-,4.3%,
