signal,anomaly_label,t_statistic,t_pvalue,t_significant,ks_statistic,ks_pvalue,ks_significant,cohens_d
MotorData.ActCurrent,1,17.908526429376174,4.89155756298332e-71,True,0.9982065553494125,1.5662501924798987e-107,True,2.8711154080148975
MotorData.ActCurrent,2,6.132477292161825,8.853131047034703e-10,True,0.8171923314780457,1.601180911613562e-08,True,1.8496402824975977
MotorData.ActSpeed,1,0.040294695447906724,0.9678586790995188,False,0.2598021026592455,0.008239800750365234,True,0.006460091589220874
MotorData.ActSpeed,2,19.55695989310943,3.3709468435013683e-84,True,1.0,0.0,True,5.898650593899429
MotorData.IsAcceleration,1,4.454197561963125,8.477087474112897e-06,True,0.12437086722801008,0.5412090123080129,False,0.7141020396584464
MotorData.IsAcceleration,2,-9.009514295079525,2.2964596851360025e-19,True,0.2726035868893012,0.3254910514979531,False,-2.717394581667094
MotorData.IsForce,1,17.537546536130627,3.158293131544675e-68,True,0.997773654916512,7.19675551435232e-104,True,2.8116394878848174
MotorData.IsForce,2,4.849999660582229,1.2460980787185184e-06,True,0.7748299319727892,1.833729632521148e-07,True,1.4628272254311427
