index,MotorData.Motor_Pos2reached,MotorData.ActCurrent,MotorData.IsAcceleration,MotorData.Motor_Pos4reached,MotorData.Motor_Pos3reached,MotorData.IsForce,MotorData.Motor_Pos1reached,MotorData.ActSpeed
MotorData.Motor_Pos2reached,1.0,-0.23573233801453602,-0.015067557513354082,-0.225050376218602,-0.12213640544889595,-0.22911398844169145,-0.1273421378965636,-0.008381227522080937
MotorData.ActCurrent,-0.23573233801453602,1.0,-0.003142252245802181,0.38888849395193703,0.0652949782067382,0.8820031039620899,-0.14394454486759226,0.7877014153605829
MotorData.IsAcceleration,-0.015067557513354082,-0.003142252245802181,1.0,-0.022469062479598623,-0.02214891932740974,-0.004104069737092747,0.030209942758592047,-0.021451770627746093
MotorData.Motor_Pos4reached,-0.225050376218602,0.38888849395193703,-0.022469062479598623,1.0,-0.14421447076299554,0.3942573825019629,-0.1503612207603843,-0.004169955045627132
MotorData.Motor_Pos3reached,-0.12213640544889595,0.0652949782067382,-0.02214891932740974,-0.14421447076299554,1.0,0.07210388895957273,-0.08160208097027537,-0.00027144909327958024
MotorData.IsForce,-0.22911398844169145,0.8820031039620899,-0.004104069737092747,0.3942573825019629,0.07210388895957273,1.0,-0.1371772595469005,0.7869749803341122
MotorData.Motor_Pos1reached,-0.1273421378965636,-0.14394454486759226,0.030209942758592047,-0.1503612207603843,-0.08160208097027537,-0.1371772595469005,1.0,0.015373407738763405
MotorData.ActSpeed,-0.008381227522080937,0.7877014153605829,-0.021451770627746093,-0.004169955045627132,-0.00027144909327958024,0.7869749803341122,0.015373407738763405,1.0
