index,MotorData.Motor_Pos2reached,MotorData.ActCurrent,MotorData.IsAcceleration,MotorData.Motor_Pos4reached,MotorData.Motor_Pos3reached,MotorData.IsForce,MotorData.Motor_Pos1reached,MotorData.ActSpeed
MotorData.Motor_Pos2reached,1.0,-0.10048687048120648,-0.023535627406338314,-0.2589787413519605,-0.10682577499154501,-0.09791134832839374,-0.11129376496583329,-0.006684619813603979
MotorData.ActCurrent,-0.10048687048120648,1.0,0.0018926120261827787,0.3971842216772431,0.12286510725865385,0.9464547209400855,-0.1439067148577567,0.7107768034987064
MotorData.IsAcceleration,-0.023535627406338314,0.0018926120261827787,1.0,-0.01389770180377868,0.004858687542197225,-0.008890163711624386,0.033443010075961996,-0.015572842836734107
MotorData.Motor_Pos4reached,-0.2589787413519605,0.3971842216772431,-0.01389770180377868,1.0,-0.14207774208621277,0.39848216129219777,-0.148020146222863,-0.00587135456355704
MotorData.Motor_Pos3reached,-0.10682577499154501,0.12286510725865385,0.004858687542197225,-0.14207774208621277,1.0,0.12491948042501058,-0.06105662091055461,0.0011476386297574325
MotorData.IsForce,-0.09791134832839374,0.9464547209400855,-0.008890163711624386,0.39848216129219777,0.12491948042501058,1.0,-0.1597388680320482,0.7073537011531081
MotorData.Motor_Pos1reached,-0.11129376496583329,-0.1439067148577567,0.033443010075961996,-0.148020146222863,-0.06105662091055461,-0.1597388680320482,1.0,0.015163271006048728
MotorData.ActSpeed,-0.006684619813603979,0.7107768034987064,-0.015572842836734107,-0.00587135456355704,0.0011476386297574325,0.7073537011531081,0.015163271006048728,1.0
