index,MotorData.Motor_Pos2reached,MotorData.ActCurrent,MotorData.IsAcceleration,MotorData.Motor_Pos4reached,MotorData.Motor_Pos3reached,MotorData.IsForce,MotorData.Motor_Pos1reached,MotorData.ActSpeed
MotorData.Motor_Pos2reached,1.0,-0.344129619425819,-0.006928629182398246,-0.3438495679903801,-0.17371750795046156,-0.33978680491835506,-0.18121046304945812,-0.004439429912653915
MotorData.ActCurrent,-0.344129619425819,1.0,0.03043473647323706,0.45567840560452966,0.09712709337387836,0.8898578642647008,-0.11249713616129386,0.7507230162282373
MotorData.IsAcceleration,-0.006928629182398246,0.03043473647323706,1.0,-0.00724738227783,0.005773380442623102,0.01871535663515163,0.038403005573269436,0.020152549785062188
MotorData.Motor_Pos4reached,-0.3438495679903801,0.45567840560452966,-0.00724738227783,1.0,-0.11306399285973925,0.45392051842294384,-0.11794078065048354,-0.0060160781445819265
MotorData.Motor_Pos3reached,-0.17371750795046156,0.09712709337387836,0.005773380442623102,-0.11306399285973925,1.0,0.09752474473212239,-0.0595852966169994,0.00019161341673368585
MotorData.IsForce,-0.33978680491835506,0.8898578642647008,0.01871535663515163,0.45392051842294384,0.09752474473212239,1.0,-0.11067887106321352,0.7515964192756621
MotorData.Motor_Pos1reached,-0.18121046304945812,-0.11249713616129386,0.038403005573269436,-0.11794078065048354,-0.0595852966169994,-0.11067887106321352,1.0,0.012401163813640377
MotorData.ActSpeed,-0.004439429912653915,0.7507230162282373,0.020152549785062188,-0.0060160781445819265,0.00019161341673368585,0.7515964192756621,0.012401163813640377,1.0
